Title,Company,Tags
Javascript Fullstack Engineer Senior,Lumenalta,"Engineer, JavaScript"
Mobile App Developer,CrazyGames,"Mobile, iOS, Android, Web Developer, JavaScript, React"
Senior Software Engineer,Contra,"Engineer, Full Stack"
Senior Full Stack Developer,Zammad,"Full Stack, Full Time"
Web Developer,Contra,"Other, Data, Consulting"
Senior React Full stack Developer,Lemon.io,"Engineer, Senior, JavaScript, Full Stack, React, Full Time, Ruby, Python, Node, English, Postgres, Typescript, AWS, Startup, Next, Remote, iOS, Swift, macOS, Machine Learning, Deep Learning, AI, Artificial Intelligence, Neural Networks"
Administrative Executive,Prime Design & Build,"Sys Admin, Design, Executive, Admin, Virtual Assistant, Other, Non Tech"
Full Stack Engineer,Stealth,"Pyton, Django, JavaScript, React, Full Stack, Engineer, Python"
Internet of Things Technical Lead,Sanctuary Computer,"React Native, Flutter, Android, Kotlin, JavaScript, React, CSS, GraphQL, AWS, GCP, Azure, Ruby, Postgres"
Senior Software Engineer,Emergent Software,"Software, Design, React, Front End, Training, Consulting, Technical, UX, Code, Web, Scrum, DevOps, JavaScript, Cloud, Microsoft, Mobile, Management, Lead, Senior, Healthcare, Engineer, Engineering, Backend"
Senior Software Engineer,SlideSpeak AI,"Engineer, JavaScript, Full Stack, Python, Typescript, Next, Ml"
Full Stack Developer,Incyte Studios,"Engineer, Full Stack"
Senior PHP Laravel Developer Full Stack,Interaction Design Foundation,"Full Stack, PHP, Laravel, Tailwind, Design"
spoke person,labs ai,"Marketing, Sales, Non Tech, Customer Support, Other"
Senior Data Engineer,Soda Data,"Data, Data Engineer"
Sr Software Developer PHP MySQL,LendingWise,"Full Stack, PHP, SQL"
React Native Developer,Private.Ki,"React Native, Remote, Full Time, Senior"
Intermediate Angular Developer,Revelator,"Front End, JavaScript, Angular"
Senior Software Engineer,Sanctuary Computer,"Ruby on Rails, Elixir, Python Django, Node Express, React Native, Flutter, Android, Aosp, Kotlin, JavaScript, React, CSS, Rest, GraphQL, AWS, GCP, Azure"
Senior Software Engineer Backend,Coinbase Developer Platform,"Software, Crypto, Ethereum, System, Security, Developer, Growth, Code, Financial, Rails, Senior, Reliability, Engineer, Backend"
